1,wss://fantom.drpc.org,2024-05-01 18:26:16.233612,80268878
1,wss://arbitrum-one-rpc.publicnode.com,2024-05-01 18:26:16.236569,206745321
2,wss://arbitrum-one-rpc.publicnode.com,2024-05-01 18:26:16.550516,206745322
3,wss://arbitrum-one-rpc.publicnode.com,2024-05-01 18:26:16.739934,206745323
2,wss://fantom.drpc.org,2024-05-01 18:26:16.740812,80268879
4,wss://arbitrum-one-rpc.publicnode.com,2024-05-01 18:26:16.959746,206745324
5,wss://arbitrum-one-rpc.publicnode.com,2024-05-01 18:26:17.251119,206745325
6,wss://arbitrum-one-rpc.publicnode.com,2024-05-01 18:26:17.541162,206745326
3,wss://fantom.drpc.org,2024-05-01 18:26:17.541611,80268880
7,wss://arbitrum-one-rpc.publicnode.com,2024-05-01 18:26:17.765144,206745327
8,wss://arbitrum-one-rpc.publicnode.com,2024-05-01 18:26:18.065707,206745328
9,wss://arbitrum-one-rpc.publicnode.com,2024-05-01 18:26:18.193046,206745329
1,wss://avalanche-c-chain-rpc.publicnode.com,2024-05-01 18:26:18.339784,0x2ad1aa4
10,wss://arbitrum-one-rpc.publicnode.com,2024-05-01 18:26:18.399168,206745330
4,wss://fantom.drpc.org,2024-05-01 18:26:18.633841,80268881
1,wss://mantle-rpc.publicnode.com,2024-05-01 18:26:18.691286,63221632
11,wss://arbitrum-one-rpc.publicnode.com,2024-05-01 18:26:19.185596,206745331
12,wss://arbitrum-one-rpc.publicnode.com,2024-05-01 18:26:19.186128,206745332
2,wss://mantle-rpc.publicnode.com,2024-05-01 18:26:19.235832,63221633
1,wss://optimism-rpc.publicnode.com,2024-05-01 18:26:19.286404,119487401
13,wss://arbitrum-one-rpc.publicnode.com,2024-05-01 18:26:19.338427,206745333
14,wss://arbitrum-one-rpc.publicnode.com,2024-05-01 18:26:19.521826,206745334
15,wss://arbitrum-one-rpc.publicnode.com,2024-05-01 18:26:19.738100,206745335
16,wss://arbitrum-one-rpc.publicnode.com,2024-05-01 18:26:20.204599,206745336
17,wss://arbitrum-one-rpc.publicnode.com,2024-05-01 18:26:20.211412,206745337
18,wss://arbitrum-one-rpc.publicnode.com,2024-05-01 18:26:20.507120,206745338
2,wss://avalanche-c-chain-rpc.publicnode.com,2024-05-01 18:26:20.667332,0x2ad1aa5
19,wss://arbitrum-one-rpc.publicnode.com,2024-05-01 18:26:20.690611,206745339
20,wss://arbitrum-one-rpc.publicnode.com,2024-05-01 18:26:21.094175,206745340
2,wss://optimism-rpc.publicnode.com,2024-05-01 18:26:21.347398,119487402
21,wss://arbitrum-one-rpc.publicnode.com,2024-05-01 18:26:21.348052,206745341
3,wss://mantle-rpc.publicnode.com,2024-05-01 18:26:21.453197,63221634
22,wss://arbitrum-one-rpc.publicnode.com,2024-05-01 18:26:21.699195,206745342
23,wss://arbitrum-one-rpc.publicnode.com,2024-05-01 18:26:21.699982,206745343
24,wss://arbitrum-one-rpc.publicnode.com,2024-05-01 18:26:22.192570,206745344
3,wss://avalanche-c-chain-rpc.publicnode.com,2024-05-01 18:26:22.394006,0x2ad1aa6
25,wss://arbitrum-one-rpc.publicnode.com,2024-05-01 18:26:22.395478,206745345
26,wss://arbitrum-one-rpc.publicnode.com,2024-05-01 18:26:22.566855,206745346
27,wss://arbitrum-one-rpc.publicnode.com,2024-05-01 18:26:22.852661,206745347
28,wss://arbitrum-one-rpc.publicnode.com,2024-05-01 18:26:23.040099,206745348
4,wss://avalanche-c-chain-rpc.publicnode.com,2024-05-01 18:26:23.113363,0x2ad1aa7
29,wss://arbitrum-one-rpc.publicnode.com,2024-05-01 18:26:23.254467,206745349
5,wss://fantom.drpc.org,2024-05-01 18:26:23.304733,80268882
4,wss://mantle-rpc.publicnode.com,2024-05-01 18:26:23.524924,63221635
3,wss://optimism-rpc.publicnode.com,2024-05-01 18:26:23.528038,119487403
6,wss://fantom.drpc.org,2024-05-01 18:26:23.941812,80268883
7,wss://fantom.drpc.org,2024-05-01 18:26:24.702429,80268884
1,wss://sepolia.drpc.org,2024-05-01 18:26:24.708687,5815593
4,wss://optimism-rpc.publicnode.com,2024-05-01 18:26:25.315776,119487404
8,wss://fantom.drpc.org,2024-05-01 18:26:26.115754,80268885
5,wss://avalanche-c-chain-rpc.publicnode.com,2024-05-01 18:26:26.203494,0x2ad1aa8
6,wss://avalanche-c-chain-rpc.publicnode.com,2024-05-01 18:26:27.086254,0x2ad1aa9
5,wss://mantle-rpc.publicnode.com,2024-05-01 18:26:27.088013,63221636
9,wss://fantom.drpc.org,2024-05-01 18:26:27.603668,80268886
5,wss://optimism-rpc.publicnode.com,2024-05-01 18:26:27.891567,119487405
7,wss://avalanche-c-chain-rpc.publicnode.com,2024-05-01 18:26:28.075391,0x2ad1aaa
6,wss://optimism-rpc.publicnode.com,2024-05-01 18:26:29.297055,119487406
6,wss://mantle-rpc.publicnode.com,2024-05-01 18:26:29.427842,63221637
1,wss://fraa-dancebox-3043-rpc.a.dancebox.tanssi.network,2024-05-01 18:26:30.123049,1333471
7,wss://optimism-rpc.publicnode.com,2024-05-01 18:26:31.388000,119487407
7,wss://mantle-rpc.publicnode.com,2024-05-01 18:26:32.276312,63221638
8,wss://avalanche-c-chain-rpc.publicnode.com,2024-05-01 18:26:32.415320,0x2ad1aab
8,wss://optimism-rpc.publicnode.com,2024-05-01 18:26:33.430439,119487408
8,wss://mantle-rpc.publicnode.com,2024-05-01 18:26:33.604121,63221639
9,wss://mantle-rpc.publicnode.com,2024-05-01 18:26:33.768820,63221640
9,wss://avalanche-c-chain-rpc.publicnode.com,2024-05-01 18:26:34.337443,0x2ad1aac
10,wss://fantom.drpc.org,2024-05-01 18:26:34.840327,80268887
9,wss://optimism-rpc.publicnode.com,2024-05-01 18:26:35.375447,119487409
10,wss://avalanche-c-chain-rpc.publicnode.com,2024-05-01 18:26:36.321422,0x2ad1aad
10,wss://mantle-rpc.publicnode.com,2024-05-01 18:26:36.482533,63221641
11,wss://fantom.drpc.org,2024-05-01 18:26:36.854738,80268888
10,wss://optimism-rpc.publicnode.com,2024-05-01 18:26:37.471015,119487410
12,wss://fantom.drpc.org,2024-05-01 18:26:37.472651,80268889
1,wss://ethereum-rpc.publicnode.com,2024-05-01 18:26:37.834848,19775867
13,wss://fantom.drpc.org,2024-05-01 18:26:38.407532,80268890
14,wss://fantom.drpc.org,2024-05-01 18:26:38.762949,80268891
2,wss://sepolia.drpc.org,2024-05-01 18:26:38.846753,5815594
11,wss://avalanche-c-chain-rpc.publicnode.com,2024-05-01 18:26:38.984722,0x2ad1aae
11,wss://optimism-rpc.publicnode.com,2024-05-01 18:26:39.292152,119487411
12,wss://avalanche-c-chain-rpc.publicnode.com,2024-05-01 18:26:39.437509,0x2ad1aaf
15,wss://fantom.drpc.org,2024-05-01 18:26:39.452626,80268892
16,wss://fantom.drpc.org,2024-05-01 18:26:40.196202,80268893
11,wss://mantle-rpc.publicnode.com,2024-05-01 18:26:40.196545,63221642
17,wss://fantom.drpc.org,2024-05-01 18:26:40.839359,80268894
12,wss://mantle-rpc.publicnode.com,2024-05-01 18:26:41.032922,63221643
12,wss://optimism-rpc.publicnode.com,2024-05-01 18:26:41.370678,119487412
13,wss://mantle-rpc.publicnode.com,2024-05-01 18:26:41.452120,63221644
2,wss://fraa-dancebox-3043-rpc.a.dancebox.tanssi.network,2024-05-01 18:26:41.944763,1333472
18,wss://fantom.drpc.org,2024-05-01 18:26:42.205950,80268895
13,wss://avalanche-c-chain-rpc.publicnode.com,2024-05-01 18:26:42.744270,0x2ad1ab0
13,wss://optimism-rpc.publicnode.com,2024-05-01 18:26:43.271280,119487413
14,wss://avalanche-c-chain-rpc.publicnode.com,2024-05-01 18:26:44.460446,0x2ad1ab1
14,wss://mantle-rpc.publicnode.com,2024-05-01 18:26:45.046731,63221645
14,wss://optimism-rpc.publicnode.com,2024-05-01 18:26:45.235249,119487414
15,wss://mantle-rpc.publicnode.com,2024-05-01 18:26:45.477397,63221646
15,wss://avalanche-c-chain-rpc.publicnode.com,2024-05-01 18:26:46.279446,0x2ad1ab2
16,wss://avalanche-c-chain-rpc.publicnode.com,2024-05-01 18:26:47.061844,0x2ad1ab3
15,wss://optimism-rpc.publicnode.com,2024-05-01 18:26:47.405804,119487415
19,wss://fantom.drpc.org,2024-05-01 18:26:48.341740,80268896
3,wss://sepolia.drpc.org,2024-05-01 18:26:48.430939,5815595
2,wss://ethereum-rpc.publicnode.com,2024-05-01 18:26:48.980109,19775868
20,wss://fantom.drpc.org,2024-05-01 18:26:48.990829,80268897
16,wss://mantle-rpc.publicnode.com,2024-05-01 18:26:48.996759,63221647
17,wss://mantle-rpc.publicnode.com,2024-05-01 18:26:49.106795,63221648
17,wss://avalanche-c-chain-rpc.publicnode.com,2024-05-01 18:26:49.294098,0x2ad1ab4
21,wss://fantom.drpc.org,2024-05-01 18:26:49.615313,80268898
16,wss://optimism-rpc.publicnode.com,2024-05-01 18:26:50.015504,119487416
18,wss://mantle-rpc.publicnode.com,2024-05-01 18:26:50.486336,63221649
22,wss://fantom.drpc.org,2024-05-01 18:26:51.085588,80268899
18,wss://avalanche-c-chain-rpc.publicnode.com,2024-05-01 18:26:51.167743,0x2ad1ab5
17,wss://optimism-rpc.publicnode.com,2024-05-01 18:26:51.441401,119487417
19,wss://avalanche-c-chain-rpc.publicnode.com,2024-05-01 18:26:52.349507,0x2ad1ab6
23,wss://fantom.drpc.org,2024-05-01 18:26:52.401666,80268900
18,wss://optimism-rpc.publicnode.com,2024-05-01 18:26:53.252815,119487418
3,wss://fraa-dancebox-3043-rpc.a.dancebox.tanssi.network,2024-05-01 18:26:53.955204,1333473
19,wss://mantle-rpc.publicnode.com,2024-05-01 18:26:55.348510,63221650
19,wss://optimism-rpc.publicnode.com,2024-05-01 18:26:55.350775,119487419
20,wss://mantle-rpc.publicnode.com,2024-05-01 18:26:55.418572,63221651
20,wss://avalanche-c-chain-rpc.publicnode.com,2024-05-01 18:26:55.451431,0x2ad1ab7
24,wss://fantom.drpc.org,2024-05-01 18:26:56.541806,80268901
20,wss://optimism-rpc.publicnode.com,2024-05-01 18:26:57.305024,119487420
25,wss://fantom.drpc.org,2024-05-01 18:26:57.996359,80268902
21,wss://avalanche-c-chain-rpc.publicnode.com,2024-05-01 18:26:58.354575,0x2ad1ab8
21,wss://optimism-rpc.publicnode.com,2024-05-01 18:26:59.211837,119487421
22,wss://avalanche-c-chain-rpc.publicnode.com,2024-05-01 18:27:00.051500,0x2ad1ab9
22,wss://optimism-rpc.publicnode.com,2024-05-01 18:27:01.510425,119487422
21,wss://mantle-rpc.publicnode.com,2024-05-01 18:27:01.842809,63221652
3,wss://ethereum-rpc.publicnode.com,2024-05-01 18:27:01.992016,19775869
26,wss://fantom.drpc.org,2024-05-01 18:27:02.069114,80268903
23,wss://avalanche-c-chain-rpc.publicnode.com,2024-05-01 18:27:02.402633,0x2ad1aba
4,wss://sepolia.drpc.org,2024-05-01 18:27:02.752768,5815596
27,wss://fantom.drpc.org,2024-05-01 18:27:02.873554,80268904
23,wss://optimism-rpc.publicnode.com,2024-05-01 18:27:03.487816,119487423
24,wss://avalanche-c-chain-rpc.publicnode.com,2024-05-01 18:27:04.334112,0x2ad1abb
28,wss://fantom.drpc.org,2024-05-01 18:27:04.334805,80268905
22,wss://mantle-rpc.publicnode.com,2024-05-01 18:27:04.934895,63221653
23,wss://mantle-rpc.publicnode.com,2024-05-01 18:27:05.178251,63221654
24,wss://optimism-rpc.publicnode.com,2024-05-01 18:27:05.263028,119487424
4,wss://fraa-dancebox-3043-rpc.a.dancebox.tanssi.network,2024-05-01 18:27:05.973717,1333474
25,wss://avalanche-c-chain-rpc.publicnode.com,2024-05-01 18:27:06.773565,0x2ad1abc
25,wss://optimism-rpc.publicnode.com,2024-05-01 18:27:07.434419,119487425
24,wss://mantle-rpc.publicnode.com,2024-05-01 18:27:07.959093,63221655
26,wss://avalanche-c-chain-rpc.publicnode.com,2024-05-01 18:27:08.635367,0x2ad1abd
26,wss://optimism-rpc.publicnode.com,2024-05-01 18:27:09.190530,119487426
29,wss://fantom.drpc.org,2024-05-01 18:27:09.444176,80268906
27,wss://avalanche-c-chain-rpc.publicnode.com,2024-05-01 18:27:10.287322,0x2ad1abe
27,wss://optimism-rpc.publicnode.com,2024-05-01 18:27:11.447251,119487427
28,wss://avalanche-c-chain-rpc.publicnode.com,2024-05-01 18:27:11.447655,0x2ad1abf
4,wss://ethereum-rpc.publicnode.com,2024-05-01 18:27:12.357395,19775870
28,wss://optimism-rpc.publicnode.com,2024-05-01 18:27:13.369449,119487428
29,wss://avalanche-c-chain-rpc.publicnode.com,2024-05-01 18:27:15.601423,0x2ad1ac0
29,wss://optimism-rpc.publicnode.com,2024-05-01 18:27:15.973616,119487429
25,wss://mantle-rpc.publicnode.com,2024-05-01 18:27:16.033387,63221656
26,wss://mantle-rpc.publicnode.com,2024-05-01 18:27:16.409048,63221657
27,wss://mantle-rpc.publicnode.com,2024-05-01 18:27:16.642224,63221658
28,wss://mantle-rpc.publicnode.com,2024-05-01 18:27:17.354922,63221659
29,wss://mantle-rpc.publicnode.com,2024-05-01 18:27:17.749151,63221660
5,wss://fraa-dancebox-3043-rpc.a.dancebox.tanssi.network,2024-05-01 18:27:17.923544,1333475
5,wss://ethereum-rpc.publicnode.com,2024-05-01 18:27:24.502614,19775871
5,wss://sepolia.drpc.org,2024-05-01 18:27:25.211998,5815597
6,wss://fraa-dancebox-3043-rpc.a.dancebox.tanssi.network,2024-05-01 18:27:30.026833,1333476
6,wss://ethereum-rpc.publicnode.com,2024-05-01 18:27:37.199948,19775872
7,wss://fraa-dancebox-3043-rpc.a.dancebox.tanssi.network,2024-05-01 18:27:42.046302,1333477
7,wss://ethereum-rpc.publicnode.com,2024-05-01 18:27:48.777491,19775873
6,wss://sepolia.drpc.org,2024-05-01 18:27:48.799536,5815598
8,wss://fraa-dancebox-3043-rpc.a.dancebox.tanssi.network,2024-05-01 18:27:54.046007,1333478
7,wss://sepolia.drpc.org,2024-05-01 18:28:01.184647,5815599
8,wss://ethereum-rpc.publicnode.com,2024-05-01 18:28:01.256884,19775874
9,wss://fraa-dancebox-3043-rpc.a.dancebox.tanssi.network,2024-05-01 18:28:05.943969,1333479
9,wss://ethereum-rpc.publicnode.com,2024-05-01 18:28:12.613720,19775875
10,wss://fraa-dancebox-3043-rpc.a.dancebox.tanssi.network,2024-05-01 18:28:17.979381,1333480
10,wss://ethereum-rpc.publicnode.com,2024-05-01 18:28:24.219310,19775876
8,wss://sepolia.drpc.org,2024-05-01 18:28:25.253017,5815600
11,wss://fraa-dancebox-3043-rpc.a.dancebox.tanssi.network,2024-05-01 18:28:29.926462,1333481
11,wss://ethereum-rpc.publicnode.com,2024-05-01 18:28:36.656782,19775877
12,wss://fraa-dancebox-3043-rpc.a.dancebox.tanssi.network,2024-05-01 18:28:42.039544,1333482
12,wss://ethereum-rpc.publicnode.com,2024-05-01 18:28:48.752007,19775878
9,wss://sepolia.drpc.org,2024-05-01 18:28:50.063863,5815601
13,wss://fraa-dancebox-3043-rpc.a.dancebox.tanssi.network,2024-05-01 18:28:53.930312,1333483
13,wss://ethereum-rpc.publicnode.com,2024-05-01 18:29:00.521010,19775879
10,wss://sepolia.drpc.org,2024-05-01 18:29:01.109073,5815602
14,wss://fraa-dancebox-3043-rpc.a.dancebox.tanssi.network,2024-05-01 18:29:05.927720,1333484
14,wss://ethereum-rpc.publicnode.com,2024-05-01 18:29:12.505040,19775880
11,wss://sepolia.drpc.org,2024-05-01 18:29:12.505838,5815603
15,wss://fraa-dancebox-3043-rpc.a.dancebox.tanssi.network,2024-05-01 18:29:18.039370,1333485
15,wss://ethereum-rpc.publicnode.com,2024-05-01 18:29:25.117633,19775881
12,wss://sepolia.drpc.org,2024-05-01 18:29:25.920948,5815604
16,wss://fraa-dancebox-3043-rpc.a.dancebox.tanssi.network,2024-05-01 18:29:29.937516,1333486
16,wss://ethereum-rpc.publicnode.com,2024-05-01 18:29:36.883250,19775882
13,wss://sepolia.drpc.org,2024-05-01 18:29:39.994404,5815605
17,wss://fraa-dancebox-3043-rpc.a.dancebox.tanssi.network,2024-05-01 18:29:41.933792,1333487
17,wss://ethereum-rpc.publicnode.com,2024-05-01 18:29:47.659706,19775883
18,wss://fraa-dancebox-3043-rpc.a.dancebox.tanssi.network,2024-05-01 18:29:53.946584,1333488
18,wss://ethereum-rpc.publicnode.com,2024-05-01 18:30:02.029110,19775884
19,wss://fraa-dancebox-3043-rpc.a.dancebox.tanssi.network,2024-05-01 18:30:05.975021,1333489
14,wss://sepolia.drpc.org,2024-05-01 18:30:13.208896,5815606
19,wss://ethereum-rpc.publicnode.com,2024-05-01 18:30:13.845788,19775885
20,wss://fraa-dancebox-3043-rpc.a.dancebox.tanssi.network,2024-05-01 18:30:18.048666,1333490
15,wss://sepolia.drpc.org,2024-05-01 18:30:24.567978,5815607
20,wss://ethereum-rpc.publicnode.com,2024-05-01 18:30:24.790407,19775886
21,wss://fraa-dancebox-3043-rpc.a.dancebox.tanssi.network,2024-05-01 18:30:29.921506,1333491
21,wss://ethereum-rpc.publicnode.com,2024-05-01 18:30:36.100058,19775887
16,wss://sepolia.drpc.org,2024-05-01 18:30:36.811449,5815608
22,wss://fraa-dancebox-3043-rpc.a.dancebox.tanssi.network,2024-05-01 18:30:41.927189,1333492
17,wss://sepolia.drpc.org,2024-05-01 18:30:48.510323,5815609
22,wss://ethereum-rpc.publicnode.com,2024-05-01 18:30:48.918689,19775888
23,wss://fraa-dancebox-3043-rpc.a.dancebox.tanssi.network,2024-05-01 18:30:53.959741,1333493
23,wss://ethereum-rpc.publicnode.com,2024-05-01 18:31:00.230403,19775889
18,wss://sepolia.drpc.org,2024-05-01 18:31:00.787201,5815610
24,wss://fraa-dancebox-3043-rpc.a.dancebox.tanssi.network,2024-05-01 18:31:05.984229,1333494
24,wss://ethereum-rpc.publicnode.com,2024-05-01 18:31:12.985574,19775890
19,wss://sepolia.drpc.org,2024-05-01 18:31:14.139516,5815611
25,wss://fraa-dancebox-3043-rpc.a.dancebox.tanssi.network,2024-05-01 18:31:18.219103,1333495
25,wss://ethereum-rpc.publicnode.com,2024-05-01 18:31:24.817151,19775891
20,wss://sepolia.drpc.org,2024-05-01 18:31:24.850033,5815612
26,wss://fraa-dancebox-3043-rpc.a.dancebox.tanssi.network,2024-05-01 18:31:29.929966,1333496
26,wss://ethereum-rpc.publicnode.com,2024-05-01 18:31:36.185984,19775892
21,wss://sepolia.drpc.org,2024-05-01 18:31:36.537653,5815613
27,wss://fraa-dancebox-3043-rpc.a.dancebox.tanssi.network,2024-05-01 18:31:41.930712,1333497
27,wss://ethereum-rpc.publicnode.com,2024-05-01 18:31:49.622592,19775893
28,wss://fraa-dancebox-3043-rpc.a.dancebox.tanssi.network,2024-05-01 18:31:53.933454,1333498
28,wss://ethereum-rpc.publicnode.com,2024-05-01 18:32:01.036322,19775894
22,wss://sepolia.drpc.org,2024-05-01 18:32:01.417133,5815614
29,wss://fraa-dancebox-3043-rpc.a.dancebox.tanssi.network,2024-05-01 18:32:05.946952,1333499
23,wss://sepolia.drpc.org,2024-05-01 18:32:12.505358,5815615
29,wss://ethereum-rpc.publicnode.com,2024-05-01 18:32:13.148673,19775895
24,wss://sepolia.drpc.org,2024-05-01 18:32:24.564288,5815616
25,wss://sepolia.drpc.org,2024-05-01 18:32:39.426158,5815617
26,wss://sepolia.drpc.org,2024-05-01 18:32:48.836515,5815618
27,wss://sepolia.drpc.org,2024-05-01 18:33:00.520561,5815619
28,wss://sepolia.drpc.org,2024-05-01 18:33:12.907152,5815620
29,wss://sepolia.drpc.org,2024-05-01 18:33:24.978317,5815621
